{
  "PROJECT": {
    "NAME": "Pygame Menu",
    "ICON": {
      "IMAGE": "https://ppizarror.com/resources/other/python.png",
      "ALT": "Pygame Menu",
      "WIDTH": 200,
      "HEIGHT": 200
    },
    "URL": "https://ppizarror.com/pygame-menu/",
    "URL_TITLE": "Pygame Menu"
  },
  "AUTHOR": {
    "NAME": "Pablo Pizarro R.",
    "URL": "https://ppizarror.com",
    "ALT": "ppizarror",
    "DATE": "2017-2019",
    "SECTION": {
      "TITLE": "Author",
      "SHOW": true
    }
  },
  "DESCRIPTION": "Menu for pygame, simple, lightweight and easy to use",
  "BADGES": {
    "0": {
      "IMAGE": "https://ppizarror.com/badges/author.svg",
      "HREF": "https://ppizarror.com",
      "ALT": "@ppizarror"
    },
    "1": {
      "IMAGE": "https://ppizarror.com/badges/licensemit.svg",
      "HREF": "https://opensource.org/licenses/MIT/",
      "ALT": "License MIT"
    },
    "2": {
      "IMAGE": "https://ppizarror.com/badges/python27.svg",
      "HREF": "https://www.python.org/downloads/",
      "ALT": "Python 2.7"
    },
    "3": {
      "IMAGE": "https://ppizarror.com/badges/python36.svg",
      "HREF": "https://www.python.org/downloads/",
      "ALT": "Python 3.6"
    },
    "4": {
      "IMAGE": "https://ppizarror.com/badges/pygame194.svg",
      "HREF": "https://www.pygame.org/",
      "ALT": "Pygame 1.9.4"
    },
	"5": {
      "NEWLINE": true
    },
    "6": {
      "IMAGE": "https://img.shields.io/lgtm/alerts/g/ppizarror/pygame-menu.svg?logo=lgtm&logoWidth=18",
      "HREF": "https://lgtm.com/projects/g/ppizarror/pygame-menu/alerts/",
      "ALT": "Total alerts"
    },
	"7": {
      "IMAGE": "https://img.shields.io/lgtm/grade/python/g/ppizarror/pygame-menu.svg?logo=lgtm&logoWidth=18",
      "HREF": "https://lgtm.com/projects/g/ppizarror/pygame-menu/context:python",
      "ALT": "Language grade: Python"
    }
  },
  "CONTENT": "readme.content.md"
}
